Название,Версия,Возраст,Файл изображения
"Карманчик, который ждал",Длинная,1–3 года,assets/images/stories/karmanchik-kotoryy-zhdal-dlinnaya.webp
"Карманчик, который ждал",Короткая,1–3 года,assets/images/stories/karmanchik-kotoryy-zhdal-korotkaya.webp
Кто шуршит в тёмной комнате?,Длинная,1–3 года,assets/images/stories/kto-shurshit-v-tyomnoy-komnate-dlinnaya.webp
Кто шуршит в тёмной комнате?,Короткая,1–3 года,assets/images/stories/kto-shurshit-v-tyomnoy-komnate-korotkaya.webp
Последний круг паровозика Чуфа,Длинная,1–3 года,assets/images/stories/posledniy-krug-parovozika-chufa-dlinnaya.webp
Последний круг паровозика Чуфа,Короткая,1–3 года,assets/images/stories/posledniy-krug-parovozika-chufa-korotkaya.webp
Фестиваль кривых воздушных змеев,Длинная,3–7 лет,assets/images/stories/festival-krivyh-vozdushnyh-zmeev-dlinnaya.webp
Фестиваль кривых воздушных змеев,Короткая,3–7 лет,assets/images/stories/festival-krivyh-vozdushnyh-zmeev-korotkaya.webp
Мост для трёх светлячков,Длинная,3–7 лет,assets/images/stories/most-dlya-tryoh-svetlyachkov-dlinnaya.webp
Мост для трёх светлячков,Короткая,3–7 лет,assets/images/stories/most-dlya-tryoh-svetlyachkov-korotkaya.webp
"Кубок, который укатился",Длинная,3–7 лет,assets/images/stories/kubok-kotoryy-ukatilsya-dlinnaya.webp
"Кубок, который укатился",Короткая,3–7 лет,assets/images/stories/kubok-kotoryy-ukatilsya-korotkaya.webp
Один фонарь на двоих,Длинная,3–7 лет,assets/images/stories/odin-fonar-na-dvoih-dlinnaya.webp
Один фонарь на двоих,Короткая,3–7 лет,assets/images/stories/odin-fonar-na-dvoih-korotkaya.webp
Дракончик и карман светящихся камней,Длинная,3–7 лет,assets/images/stories/drakonchik-i-karman-svetyaschihsya-kamney-dlinnaya.webp
Дракончик и карман светящихся камней,Короткая,3–7 лет,assets/images/stories/drakonchik-i-karman-svetyaschihsya-kamney-korotkaya.webp
"Сад, который звучал",Длинная,3–7 лет,assets/images/stories/sad-kotoryy-zvuchal-dlinnaya.webp
"Сад, который звучал",Короткая,3–7 лет,assets/images/stories/sad-kotoryy-zvuchal-korotkaya.webp
Четвёртая башня,Длинная,3–7 лет,assets/images/stories/chetvyortaya-bashnya-dlinnaya.webp
Четвёртая башня,Короткая,3–7 лет,assets/images/stories/chetvyortaya-bashnya-korotkaya.webp
Два капитана одной лодки,Длинная,3–7 лет,assets/images/stories/dva-kapitana-odnoy-lodki-dlinnaya.webp
Два капитана одной лодки,Короткая,3–7 лет,assets/images/stories/dva-kapitana-odnoy-lodki-korotkaya.webp
Кнопка «Привет»,Длинная,3–7 лет,assets/images/stories/knopka-privet-dlinnaya.webp
Кнопка «Привет»,Короткая,3–7 лет,assets/images/stories/knopka-privet-korotkaya.webp
Синяя дверь доктора Лапы,Длинная,3–7 лет,assets/images/stories/sinyaya-dver-doktora-lapy-dlinnaya.webp
Синяя дверь доктора Лапы,Короткая,3–7 лет,assets/images/stories/sinyaya-dver-doktora-lapy-korotkaya.webp
Четыре пустых клетки,Длинная,7–9 лет,assets/images/stories/chetyre-pustyh-kletki-dlinnaya.webp
Четыре пустых клетки,Короткая,7–9 лет,assets/images/stories/chetyre-pustyh-kletki-korotkaya.webp
"Остров, которого не было",Длинная,7–9 лет,assets/images/stories/ostrov-kotorogo-ne-bylo-dlinnaya.webp
"Остров, которого не было",Короткая,7–9 лет,assets/images/stories/ostrov-kotorogo-ne-bylo-korotkaya.webp
Куртка с планетами,Длинная,7–9 лет,assets/images/stories/kurtka-s-planetami-dlinnaya.webp
Куртка с планетами,Короткая,7–9 лет,assets/images/stories/kurtka-s-planetami-korotkaya.webp
Третий билет на чердак,Длинная,7–9 лет,assets/images/stories/tretiy-bilet-na-cherdak-dlinnaya.webp
Третий билет на чердак,Короткая,7–9 лет,assets/images/stories/tretiy-bilet-na-cherdak-korotkaya.webp
"Доска, которой не хватило колонок",Длинная,7–9 лет,assets/images/stories/doska-kotoroy-ne-hvatilo-kolonok-dlinnaya.webp
"Доска, которой не хватило колонок",Короткая,7–9 лет,assets/images/stories/doska-kotoroy-ne-hvatilo-kolonok-korotkaya.webp
Оркестр без первого места,Длинная,7–9 лет,assets/images/stories/orkestr-bez-pervogo-mesta-dlinnaya.webp
Оркестр без первого места,Короткая,7–9 лет,assets/images/stories/orkestr-bez-pervogo-mesta-korotkaya.webp
Карта маленьких умений,Длинная,7–9 лет,assets/images/stories/karta-malenkih-umeniy-dlinnaya.webp
Карта маленьких умений,Короткая,7–9 лет,assets/images/stories/karta-malenkih-umeniy-korotkaya.webp
Сигнал на крыше,Длинная,7–9 лет,assets/images/stories/signal-na-kryshe-dlinnaya.webp
Сигнал на крыше,Короткая,7–9 лет,assets/images/stories/signal-na-kryshe-korotkaya.webp
Исчезнувшая папка,Длинная,7–9 лет,assets/images/stories/ischeznuvshaya-papka-dlinnaya.webp
Исчезнувшая папка,Короткая,7–9 лет,assets/images/stories/ischeznuvshaya-papka-korotkaya.webp
Башня без вершины,Длинная,7–9 лет,assets/images/stories/bashnya-bez-vershiny-dlinnaya.webp
Башня без вершины,Короткая,7–9 лет,assets/images/stories/bashnya-bez-vershiny-korotkaya.webp
